[
{
  "model": "regions.country",
  "pk": "AD",
  "fields": {
    "name": "Andorra"
  }
},
{
  "model": "regions.country",
  "pk": "AE",
  "fields": {
    "name": "Emiratos \u00c1rabes Unidos"
  }
},
{
  "model": "regions.country",
  "pk": "AF",
  "fields": {
    "name": "Afganist\u00e1n"
  }
},
{
  "model": "regions.country",
  "pk": "AG",
  "fields": {
    "name": "Antigua y Barbuda"
  }
},
{
  "model": "regions.country",
  "pk": "AI",
  "fields": {
    "name": "Anguila"
  }
},
{
  "model": "regions.country",
  "pk": "AL",
  "fields": {
    "name": "Albania"
  }
},
{
  "model": "regions.country",
  "pk": "AM",
  "fields": {
    "name": "Armenia"
  }
},
{
  "model": "regions.country",
  "pk": "AN",
  "fields": {
    "name": "Antillas Neerlandesas"
  }
},
{
  "model": "regions.country",
  "pk": "AO",
  "fields": {
    "name": "Angola"
  }
},
{
  "model": "regions.country",
  "pk": "AQ",
  "fields": {
    "name": "Ant\u00e1rtida"
  }
},
{
  "model": "regions.country",
  "pk": "AR",
  "fields": {
    "name": "Argentina"
  }
},
{
  "model": "regions.country",
  "pk": "AS",
  "fields": {
    "name": "Samoa Americana"
  }
},
{
  "model": "regions.country",
  "pk": "AT",
  "fields": {
    "name": "Austria"
  }
},
{
  "model": "regions.country",
  "pk": "AU",
  "fields": {
    "name": "Australia"
  }
},
{
  "model": "regions.country",
  "pk": "AW",
  "fields": {
    "name": "Aruba"
  }
},
{
  "model": "regions.country",
  "pk": "AX",
  "fields": {
    "name": "Islas \u00c1land"
  }
},
{
  "model": "regions.country",
  "pk": "AZ",
  "fields": {
    "name": "Azerbaiy\u00e1n"
  }
},
{
  "model": "regions.country",
  "pk": "BA",
  "fields": {
    "name": "Bosnia y Herzegovina"
  }
},
{
  "model": "regions.country",
  "pk": "BB",
  "fields": {
    "name": "Barbados"
  }
},
{
  "model": "regions.country",
  "pk": "BD",
  "fields": {
    "name": "Bangladesh"
  }
},
{
  "model": "regions.country",
  "pk": "BE",
  "fields": {
    "name": "B\u00e9lgica"
  }
},
{
  "model": "regions.country",
  "pk": "BF",
  "fields": {
    "name": "Burkina Faso"
  }
},
{
  "model": "regions.country",
  "pk": "BG",
  "fields": {
    "name": "Bulgaria"
  }
},
{
  "model": "regions.country",
  "pk": "BH",
  "fields": {
    "name": "Bahr\u00e9in"
  }
},
{
  "model": "regions.country",
  "pk": "BI",
  "fields": {
    "name": "Burundi"
  }
},
{
  "model": "regions.country",
  "pk": "BJ",
  "fields": {
    "name": "Benin"
  }
},
{
  "model": "regions.country",
  "pk": "BL",
  "fields": {
    "name": "San Bartolom\u00e9"
  }
},
{
  "model": "regions.country",
  "pk": "BM",
  "fields": {
    "name": "Bermudas"
  }
},
{
  "model": "regions.country",
  "pk": "BN",
  "fields": {
    "name": "Brun\u00e9i"
  }
},
{
  "model": "regions.country",
  "pk": "BO",
  "fields": {
    "name": "Bolivia"
  }
},
{
  "model": "regions.country",
  "pk": "BR",
  "fields": {
    "name": "Brasil"
  }
},
{
  "model": "regions.country",
  "pk": "BS",
  "fields": {
    "name": "Bahamas"
  }
},
{
  "model": "regions.country",
  "pk": "BT",
  "fields": {
    "name": "Bhut\u00e1n"
  }
},
{
  "model": "regions.country",
  "pk": "BV",
  "fields": {
    "name": "Isla Bouvet"
  }
},
{
  "model": "regions.country",
  "pk": "BW",
  "fields": {
    "name": "Botsuana"
  }
},
{
  "model": "regions.country",
  "pk": "BY",
  "fields": {
    "name": "Belar\u00fas"
  }
},
{
  "model": "regions.country",
  "pk": "BZ",
  "fields": {
    "name": "Belice"
  }
},
{
  "model": "regions.country",
  "pk": "CA",
  "fields": {
    "name": "Canad\u00e1"
  }
},
{
  "model": "regions.country",
  "pk": "CC",
  "fields": {
    "name": "Islas Cocos"
  }
},
{
  "model": "regions.country",
  "pk": "CF",
  "fields": {
    "name": "Rep\u00fablica Centro-Africana"
  }
},
{
  "model": "regions.country",
  "pk": "CG",
  "fields": {
    "name": "Congo"
  }
},
{
  "model": "regions.country",
  "pk": "CH",
  "fields": {
    "name": "Suiza"
  }
},
{
  "model": "regions.country",
  "pk": "CI",
  "fields": {
    "name": "Costa de Marfil"
  }
},
{
  "model": "regions.country",
  "pk": "CK",
  "fields": {
    "name": "Islas Cook"
  }
},
{
  "model": "regions.country",
  "pk": "CL",
  "fields": {
    "name": "Chile"
  }
},
{
  "model": "regions.country",
  "pk": "CM",
  "fields": {
    "name": "Camer\u00fan"
  }
},
{
  "model": "regions.country",
  "pk": "CN",
  "fields": {
    "name": "China"
  }
},
{
  "model": "regions.country",
  "pk": "CO",
  "fields": {
    "name": "Colombia"
  }
},
{
  "model": "regions.country",
  "pk": "CR",
  "fields": {
    "name": "Costa Rica"
  }
},
{
  "model": "regions.country",
  "pk": "CU",
  "fields": {
    "name": "Cuba"
  }
},
{
  "model": "regions.country",
  "pk": "CV",
  "fields": {
    "name": "Cabo Verde"
  }
},
{
  "model": "regions.country",
  "pk": "CX",
  "fields": {
    "name": "Islas Christmas"
  }
},
{
  "model": "regions.country",
  "pk": "CY",
  "fields": {
    "name": "Chipre"
  }
},
{
  "model": "regions.country",
  "pk": "CZ",
  "fields": {
    "name": "Rep\u00fablica Checa"
  }
},
{
  "model": "regions.country",
  "pk": "DE",
  "fields": {
    "name": "Alemania"
  }
},
{
  "model": "regions.country",
  "pk": "DJ",
  "fields": {
    "name": "Yibuti"
  }
},
{
  "model": "regions.country",
  "pk": "DK",
  "fields": {
    "name": "Dinamarca"
  }
},
{
  "model": "regions.country",
  "pk": "DM",
  "fields": {
    "name": "Dom\u00ednica"
  }
},
{
  "model": "regions.country",
  "pk": "DO",
  "fields": {
    "name": "Rep\u00fablica Dominicana"
  }
},
{
  "model": "regions.country",
  "pk": "DZ",
  "fields": {
    "name": "Argel"
  }
},
{
  "model": "regions.country",
  "pk": "EC",
  "fields": {
    "name": "Ecuador"
  }
},
{
  "model": "regions.country",
  "pk": "EE",
  "fields": {
    "name": "Estonia"
  }
},
{
  "model": "regions.country",
  "pk": "EG",
  "fields": {
    "name": "Egipto"
  }
},
{
  "model": "regions.country",
  "pk": "EH",
  "fields": {
    "name": "Sahara Occidental"
  }
},
{
  "model": "regions.country",
  "pk": "ER",
  "fields": {
    "name": "Eritrea"
  }
},
{
  "model": "regions.country",
  "pk": "ES",
  "fields": {
    "name": "Espa\u00f1a"
  }
},
{
  "model": "regions.country",
  "pk": "ET",
  "fields": {
    "name": "Etiop\u00eda"
  }
},
{
  "model": "regions.country",
  "pk": "FI",
  "fields": {
    "name": "Finlandia"
  }
},
{
  "model": "regions.country",
  "pk": "FJ",
  "fields": {
    "name": "Fiji"
  }
},
{
  "model": "regions.country",
  "pk": "FK",
  "fields": {
    "name": "Islas Malvinas"
  }
},
{
  "model": "regions.country",
  "pk": "FM",
  "fields": {
    "name": "Micronesia"
  }
},
{
  "model": "regions.country",
  "pk": "FO",
  "fields": {
    "name": "Islas Faroe"
  }
},
{
  "model": "regions.country",
  "pk": "FR",
  "fields": {
    "name": "Francia"
  }
},
{
  "model": "regions.country",
  "pk": "GA",
  "fields": {
    "name": "Gab\u00f3n"
  }
},
{
  "model": "regions.country",
  "pk": "GB",
  "fields": {
    "name": "Reino Unido"
  }
},
{
  "model": "regions.country",
  "pk": "GD",
  "fields": {
    "name": "Granada"
  }
},
{
  "model": "regions.country",
  "pk": "GE",
  "fields": {
    "name": "Georgia"
  }
},
{
  "model": "regions.country",
  "pk": "GF",
  "fields": {
    "name": "Guayana Francesa"
  }
},
{
  "model": "regions.country",
  "pk": "GG",
  "fields": {
    "name": "Guernsey"
  }
},
{
  "model": "regions.country",
  "pk": "GH",
  "fields": {
    "name": "Ghana"
  }
},
{
  "model": "regions.country",
  "pk": "GI",
  "fields": {
    "name": "Gibraltar"
  }
},
{
  "model": "regions.country",
  "pk": "GL",
  "fields": {
    "name": "Groenlandia"
  }
},
{
  "model": "regions.country",
  "pk": "GM",
  "fields": {
    "name": "Gambia"
  }
},
{
  "model": "regions.country",
  "pk": "GN",
  "fields": {
    "name": "Guinea"
  }
},
{
  "model": "regions.country",
  "pk": "GP",
  "fields": {
    "name": "Guadalupe"
  }
},
{
  "model": "regions.country",
  "pk": "GQ",
  "fields": {
    "name": "Guinea Ecuatorial"
  }
},
{
  "model": "regions.country",
  "pk": "GR",
  "fields": {
    "name": "Grecia"
  }
},
{
  "model": "regions.country",
  "pk": "GS",
  "fields": {
    "name": "Georgia del Sur e Islas Sandwich del Sur"
  }
},
{
  "model": "regions.country",
  "pk": "GT",
  "fields": {
    "name": "Guatemala"
  }
},
{
  "model": "regions.country",
  "pk": "GU",
  "fields": {
    "name": "Guam"
  }
},
{
  "model": "regions.country",
  "pk": "GW",
  "fields": {
    "name": "Guinea-Bissau"
  }
},
{
  "model": "regions.country",
  "pk": "GY",
  "fields": {
    "name": "Guayana"
  }
},
{
  "model": "regions.country",
  "pk": "HK",
  "fields": {
    "name": "Hong Kong"
  }
},
{
  "model": "regions.country",
  "pk": "HM",
  "fields": {
    "name": "Islas Heard y McDonald"
  }
},
{
  "model": "regions.country",
  "pk": "HN",
  "fields": {
    "name": "Honduras"
  }
},
{
  "model": "regions.country",
  "pk": "HR",
  "fields": {
    "name": "Croacia"
  }
},
{
  "model": "regions.country",
  "pk": "HT",
  "fields": {
    "name": "Hait\u00ed"
  }
},
{
  "model": "regions.country",
  "pk": "HU",
  "fields": {
    "name": "Hungr\u00eda"
  }
},
{
  "model": "regions.country",
  "pk": "ID",
  "fields": {
    "name": "Indonesia"
  }
},
{
  "model": "regions.country",
  "pk": "IE",
  "fields": {
    "name": "Irlanda"
  }
},
{
  "model": "regions.country",
  "pk": "IL",
  "fields": {
    "name": "Israel"
  }
},
{
  "model": "regions.country",
  "pk": "IM",
  "fields": {
    "name": "Isla de Man"
  }
},
{
  "model": "regions.country",
  "pk": "IN",
  "fields": {
    "name": "India"
  }
},
{
  "model": "regions.country",
  "pk": "IO",
  "fields": {
    "name": "Territorio Brit\u00e1nico del Oc\u00e9ano \u00cdndico"
  }
},
{
  "model": "regions.country",
  "pk": "IQ",
  "fields": {
    "name": "Irak"
  }
},
{
  "model": "regions.country",
  "pk": "IR",
  "fields": {
    "name": "Ir\u00e1n"
  }
},
{
  "model": "regions.country",
  "pk": "IS",
  "fields": {
    "name": "Islandia"
  }
},
{
  "model": "regions.country",
  "pk": "IT",
  "fields": {
    "name": "Italia"
  }
},
{
  "model": "regions.country",
  "pk": "JE",
  "fields": {
    "name": "Jersey"
  }
},
{
  "model": "regions.country",
  "pk": "JM",
  "fields": {
    "name": "Jamaica"
  }
},
{
  "model": "regions.country",
  "pk": "JO",
  "fields": {
    "name": "Jordania"
  }
},
{
  "model": "regions.country",
  "pk": "JP",
  "fields": {
    "name": "Jap\u00f3n"
  }
},
{
  "model": "regions.country",
  "pk": "KE",
  "fields": {
    "name": "Kenia"
  }
},
{
  "model": "regions.country",
  "pk": "KG",
  "fields": {
    "name": "Kirguist\u00e1n"
  }
},
{
  "model": "regions.country",
  "pk": "KH",
  "fields": {
    "name": "Camboya"
  }
},
{
  "model": "regions.country",
  "pk": "KI",
  "fields": {
    "name": "Kiribati"
  }
},
{
  "model": "regions.country",
  "pk": "KM",
  "fields": {
    "name": "Comoros"
  }
},
{
  "model": "regions.country",
  "pk": "KN",
  "fields": {
    "name": "San Crist\u00f3bal y Nieves"
  }
},
{
  "model": "regions.country",
  "pk": "KP",
  "fields": {
    "name": "Corea del Norte"
  }
},
{
  "model": "regions.country",
  "pk": "KR",
  "fields": {
    "name": "Corea del Sur"
  }
},
{
  "model": "regions.country",
  "pk": "KW",
  "fields": {
    "name": "Kuwait"
  }
},
{
  "model": "regions.country",
  "pk": "KY",
  "fields": {
    "name": "Islas Caim\u00e1n"
  }
},
{
  "model": "regions.country",
  "pk": "KZ",
  "fields": {
    "name": "Kazajst\u00e1n"
  }
},
{
  "model": "regions.country",
  "pk": "LA",
  "fields": {
    "name": "Laos"
  }
},
{
  "model": "regions.country",
  "pk": "LB",
  "fields": {
    "name": "L\u00edbano"
  }
},
{
  "model": "regions.country",
  "pk": "LC",
  "fields": {
    "name": "Santa Luc\u00eda"
  }
},
{
  "model": "regions.country",
  "pk": "LI",
  "fields": {
    "name": "Liechtenstein"
  }
},
{
  "model": "regions.country",
  "pk": "LK",
  "fields": {
    "name": "Sri Lanka"
  }
},
{
  "model": "regions.country",
  "pk": "LR",
  "fields": {
    "name": "Liberia"
  }
},
{
  "model": "regions.country",
  "pk": "LS",
  "fields": {
    "name": "Lesotho"
  }
},
{
  "model": "regions.country",
  "pk": "LT",
  "fields": {
    "name": "Lituania"
  }
},
{
  "model": "regions.country",
  "pk": "LU",
  "fields": {
    "name": "Luxemburgo"
  }
},
{
  "model": "regions.country",
  "pk": "LV",
  "fields": {
    "name": "Letonia"
  }
},
{
  "model": "regions.country",
  "pk": "LY",
  "fields": {
    "name": "Libia"
  }
},
{
  "model": "regions.country",
  "pk": "MA",
  "fields": {
    "name": "Marruecos"
  }
},
{
  "model": "regions.country",
  "pk": "MC",
  "fields": {
    "name": "M\u00f3naco"
  }
},
{
  "model": "regions.country",
  "pk": "MD",
  "fields": {
    "name": "Moldova"
  }
},
{
  "model": "regions.country",
  "pk": "ME",
  "fields": {
    "name": "Montenegro"
  }
},
{
  "model": "regions.country",
  "pk": "MG",
  "fields": {
    "name": "Madagascar"
  }
},
{
  "model": "regions.country",
  "pk": "MH",
  "fields": {
    "name": "Islas Marshall"
  }
},
{
  "model": "regions.country",
  "pk": "MK",
  "fields": {
    "name": "Macedonia"
  }
},
{
  "model": "regions.country",
  "pk": "ML",
  "fields": {
    "name": "Mali"
  }
},
{
  "model": "regions.country",
  "pk": "MM",
  "fields": {
    "name": "Myanmar"
  }
},
{
  "model": "regions.country",
  "pk": "MN",
  "fields": {
    "name": "Mongolia"
  }
},
{
  "model": "regions.country",
  "pk": "MO",
  "fields": {
    "name": "Macao"
  }
},
{
  "model": "regions.country",
  "pk": "MQ",
  "fields": {
    "name": "Martinica"
  }
},
{
  "model": "regions.country",
  "pk": "MR",
  "fields": {
    "name": "Mauritania"
  }
},
{
  "model": "regions.country",
  "pk": "MS",
  "fields": {
    "name": "Montserrat"
  }
},
{
  "model": "regions.country",
  "pk": "MT",
  "fields": {
    "name": "Malta"
  }
},
{
  "model": "regions.country",
  "pk": "MU",
  "fields": {
    "name": "Mauricio"
  }
},
{
  "model": "regions.country",
  "pk": "MV",
  "fields": {
    "name": "Maldivas"
  }
},
{
  "model": "regions.country",
  "pk": "MW",
  "fields": {
    "name": "Malawi"
  }
},
{
  "model": "regions.country",
  "pk": "MX",
  "fields": {
    "name": "M\u00e9xico"
  }
},
{
  "model": "regions.country",
  "pk": "MY",
  "fields": {
    "name": "Malasia"
  }
},
{
  "model": "regions.country",
  "pk": "MZ",
  "fields": {
    "name": "Mozambique"
  }
},
{
  "model": "regions.country",
  "pk": "NA",
  "fields": {
    "name": "Namibia"
  }
},
{
  "model": "regions.country",
  "pk": "NC",
  "fields": {
    "name": "Nueva Caledonia"
  }
},
{
  "model": "regions.country",
  "pk": "NE",
  "fields": {
    "name": "N\u00edger"
  }
},
{
  "model": "regions.country",
  "pk": "NF",
  "fields": {
    "name": "Islas Norkfolk"
  }
},
{
  "model": "regions.country",
  "pk": "NG",
  "fields": {
    "name": "Nigeria"
  }
},
{
  "model": "regions.country",
  "pk": "NI",
  "fields": {
    "name": "Nicaragua"
  }
},
{
  "model": "regions.country",
  "pk": "NL",
  "fields": {
    "name": "Pa\u00edses Bajos"
  }
},
{
  "model": "regions.country",
  "pk": "NO",
  "fields": {
    "name": "Noruega"
  }
},
{
  "model": "regions.country",
  "pk": "NP",
  "fields": {
    "name": "Nepal"
  }
},
{
  "model": "regions.country",
  "pk": "NR",
  "fields": {
    "name": "Nauru"
  }
},
{
  "model": "regions.country",
  "pk": "NU",
  "fields": {
    "name": "Niue"
  }
},
{
  "model": "regions.country",
  "pk": "NZ",
  "fields": {
    "name": "Nueva Zelanda"
  }
},
{
  "model": "regions.country",
  "pk": "OM",
  "fields": {
    "name": "Om\u00e1n"
  }
},
{
  "model": "regions.country",
  "pk": "PA",
  "fields": {
    "name": "Panam\u00e1"
  }
},
{
  "model": "regions.country",
  "pk": "PE",
  "fields": {
    "name": "Per\u00fa"
  }
},
{
  "model": "regions.country",
  "pk": "PF",
  "fields": {
    "name": "Polinesia Francesa"
  }
},
{
  "model": "regions.country",
  "pk": "PG",
  "fields": {
    "name": "Pap\u00faa Nueva Guinea"
  }
},
{
  "model": "regions.country",
  "pk": "PH",
  "fields": {
    "name": "Filipinas"
  }
},
{
  "model": "regions.country",
  "pk": "PK",
  "fields": {
    "name": "Pakist\u00e1n"
  }
},
{
  "model": "regions.country",
  "pk": "PL",
  "fields": {
    "name": "Polonia"
  }
},
{
  "model": "regions.country",
  "pk": "PM",
  "fields": {
    "name": "San Pedro y Miquel\u00f3n"
  }
},
{
  "model": "regions.country",
  "pk": "PN",
  "fields": {
    "name": "Islas Pitcairn"
  }
},
{
  "model": "regions.country",
  "pk": "PR",
  "fields": {
    "name": "Puerto Rico"
  }
},
{
  "model": "regions.country",
  "pk": "PS",
  "fields": {
    "name": "Palestina"
  }
},
{
  "model": "regions.country",
  "pk": "PT",
  "fields": {
    "name": "Portugal"
  }
},
{
  "model": "regions.country",
  "pk": "PW",
  "fields": {
    "name": "Islas Palaos"
  }
},
{
  "model": "regions.country",
  "pk": "PY",
  "fields": {
    "name": "Paraguay"
  }
},
{
  "model": "regions.country",
  "pk": "QA",
  "fields": {
    "name": "Qatar"
  }
},
{
  "model": "regions.country",
  "pk": "RE",
  "fields": {
    "name": "Reuni\u00f3n"
  }
},
{
  "model": "regions.country",
  "pk": "RO",
  "fields": {
    "name": "Ruman\u00eda"
  }
},
{
  "model": "regions.country",
  "pk": "RS",
  "fields": {
    "name": "Serbia y Montenegro"
  }
},
{
  "model": "regions.country",
  "pk": "RU",
  "fields": {
    "name": "Rusia"
  }
},
{
  "model": "regions.country",
  "pk": "RW",
  "fields": {
    "name": "Ruanda"
  }
},
{
  "model": "regions.country",
  "pk": "SA",
  "fields": {
    "name": "Arabia Saudita"
  }
},
{
  "model": "regions.country",
  "pk": "SB",
  "fields": {
    "name": "Islas Solom\u00f3n"
  }
},
{
  "model": "regions.country",
  "pk": "SC",
  "fields": {
    "name": "Seychelles"
  }
},
{
  "model": "regions.country",
  "pk": "SD",
  "fields": {
    "name": "Sud\u00e1n"
  }
},
{
  "model": "regions.country",
  "pk": "SE",
  "fields": {
    "name": "Suecia"
  }
},
{
  "model": "regions.country",
  "pk": "SG",
  "fields": {
    "name": "Singapur"
  }
},
{
  "model": "regions.country",
  "pk": "SH",
  "fields": {
    "name": "Santa Elena"
  }
},
{
  "model": "regions.country",
  "pk": "SI",
  "fields": {
    "name": "Eslovenia"
  }
},
{
  "model": "regions.country",
  "pk": "SJ",
  "fields": {
    "name": "Islas Svalbard y Jan Mayen"
  }
},
{
  "model": "regions.country",
  "pk": "SK",
  "fields": {
    "name": "Eslovaquia"
  }
},
{
  "model": "regions.country",
  "pk": "SL",
  "fields": {
    "name": "Sierra Leona"
  }
},
{
  "model": "regions.country",
  "pk": "SM",
  "fields": {
    "name": "San Marino"
  }
},
{
  "model": "regions.country",
  "pk": "SN",
  "fields": {
    "name": "Senegal"
  }
},
{
  "model": "regions.country",
  "pk": "SO",
  "fields": {
    "name": "Somalia"
  }
},
{
  "model": "regions.country",
  "pk": "SR",
  "fields": {
    "name": "Surinam"
  }
},
{
  "model": "regions.country",
  "pk": "ST",
  "fields": {
    "name": "Santo Tom\u00e9 y Pr\u00edncipe"
  }
},
{
  "model": "regions.country",
  "pk": "SV",
  "fields": {
    "name": "El Salvador"
  }
},
{
  "model": "regions.country",
  "pk": "SY",
  "fields": {
    "name": "Siria"
  }
},
{
  "model": "regions.country",
  "pk": "SZ",
  "fields": {
    "name": "Suazilandia"
  }
},
{
  "model": "regions.country",
  "pk": "TC",
  "fields": {
    "name": "Islas Turcas y Caicos"
  }
},
{
  "model": "regions.country",
  "pk": "TD",
  "fields": {
    "name": "Chad"
  }
},
{
  "model": "regions.country",
  "pk": "TF",
  "fields": {
    "name": "Territorios Australes Franceses"
  }
},
{
  "model": "regions.country",
  "pk": "TG",
  "fields": {
    "name": "Togo"
  }
},
{
  "model": "regions.country",
  "pk": "TH",
  "fields": {
    "name": "Tanzania"
  }
},
{
  "model": "regions.country",
  "pk": "TJ",
  "fields": {
    "name": "Tayikist\u00e1n"
  }
},
{
  "model": "regions.country",
  "pk": "TK",
  "fields": {
    "name": "Tokelau"
  }
},
{
  "model": "regions.country",
  "pk": "TL",
  "fields": {
    "name": "Timor-Leste"
  }
},
{
  "model": "regions.country",
  "pk": "TM",
  "fields": {
    "name": "Turkmenist\u00e1n"
  }
},
{
  "model": "regions.country",
  "pk": "TN",
  "fields": {
    "name": "T\u00fanez"
  }
},
{
  "model": "regions.country",
  "pk": "TO",
  "fields": {
    "name": "Tonga"
  }
},
{
  "model": "regions.country",
  "pk": "TR",
  "fields": {
    "name": "Turqu\u00eda"
  }
},
{
  "model": "regions.country",
  "pk": "TT",
  "fields": {
    "name": "Trinidad y Tobago"
  }
},
{
  "model": "regions.country",
  "pk": "TV",
  "fields": {
    "name": "Tuvalu"
  }
},
{
  "model": "regions.country",
  "pk": "TW",
  "fields": {
    "name": "Taiw\u00e1n"
  }
},
{
  "model": "regions.country",
  "pk": "UA",
  "fields": {
    "name": "Ucrania"
  }
},
{
  "model": "regions.country",
  "pk": "UG",
  "fields": {
    "name": "Uganda"
  }
},
{
  "model": "regions.country",
  "pk": "US",
  "fields": {
    "name": "Estados Unidos de Am\u00e9rica"
  }
},
{
  "model": "regions.country",
  "pk": "UY",
  "fields": {
    "name": "Uruguay"
  }
},
{
  "model": "regions.country",
  "pk": "UZ",
  "fields": {
    "name": "Uzbekist\u00e1n"
  }
},
{
  "model": "regions.country",
  "pk": "VA",
  "fields": {
    "name": "Ciudad del Vaticano"
  }
},
{
  "model": "regions.country",
  "pk": "VC",
  "fields": {
    "name": "San Vicente y las Granadinas"
  }
},
{
  "model": "regions.country",
  "pk": "VE",
  "fields": {
    "name": "Venezuela"
  }
},
{
  "model": "regions.country",
  "pk": "VG",
  "fields": {
    "name": "Islas V\u00edrgenes Brit\u00e1nicas"
  }
},
{
  "model": "regions.country",
  "pk": "VI",
  "fields": {
    "name": "Islas V\u00edrgenes de los Estados Unidos de Am\u00e9rica"
  }
},
{
  "model": "regions.country",
  "pk": "VN",
  "fields": {
    "name": "Vietnam"
  }
},
{
  "model": "regions.country",
  "pk": "VU",
  "fields": {
    "name": "Vanuatu"
  }
},
{
  "model": "regions.country",
  "pk": "WF",
  "fields": {
    "name": "Wallis y Futuna"
  }
},
{
  "model": "regions.country",
  "pk": "WS",
  "fields": {
    "name": "Samoa"
  }
},
{
  "model": "regions.country",
  "pk": "YE",
  "fields": {
    "name": "Yemen"
  }
},
{
  "model": "regions.country",
  "pk": "YT",
  "fields": {
    "name": "Mayotte"
  }
},
{
  "model": "regions.country",
  "pk": "ZA",
  "fields": {
    "name": "Sud\u00e1frica"
  }
}
]
