[
{
  "model": "regions.state",
  "pk": 1,
  "fields": {
    "name": "Concepci\u00f3n",
    "country": "PY"
  }
},
{
  "model": "regions.state",
  "pk": 2,
  "fields": {
    "name": "San Pedro",
    "country": "PY"
  }
},
{
  "model": "regions.state",
  "pk": 3,
  "fields": {
    "name": "Cordillera",
    "country": "PY"
  }
},
{
  "model": "regions.state",
  "pk": 4,
  "fields": {
    "name": "Guair\u00e1",
    "country": "PY"
  }
},
{
  "model": "regions.state",
  "pk": 5,
  "fields": {
    "name": "Caaguaz\u00fa",
    "country": "PY"
  }
},
{
  "model": "regions.state",
  "pk": 6,
  "fields": {
    "name": "Caazap\u00e1",
    "country": "PY"
  }
},
{
  "model": "regions.state",
  "pk": 7,
  "fields": {
    "name": "Itap\u00faa",
    "country": "PY"
  }
},
{
  "model": "regions.state",
  "pk": 8,
  "fields": {
    "name": "Misiones",
    "country": "PY"
  }
},
{
  "model": "regions.state",
  "pk": 9,
  "fields": {
    "name": "Paraguar\u00ed",
    "country": "PY"
  }
},
{
  "model": "regions.state",
  "pk": 10,
  "fields": {
    "name": "Alto Paran\u00e1",
    "country": "PY"
  }
},
{
  "model": "regions.state",
  "pk": 11,
  "fields": {
    "name": "Central",
    "country": "PY"
  }
},
{
  "model": "regions.state",
  "pk": 12,
  "fields": {
    "name": "\u00d1eembuc\u00fa",
    "country": "PY"
  }
},
{
  "model": "regions.state",
  "pk": 13,
  "fields": {
    "name": "Amambay",
    "country": "PY"
  }
},
{
  "model": "regions.state",
  "pk": 14,
  "fields": {
    "name": "Canindey\u00fa",
    "country": "PY"
  }
},
{
  "model": "regions.state",
  "pk": 15,
  "fields": {
    "name": "Presidente Hayes",
    "country": "PY"
  }
},
{
  "model": "regions.state",
  "pk": 16,
  "fields": {
    "name": "Boquer\u00f3n",
    "country": "PY"
  }
},
{
  "model": "regions.state",
  "pk": 17,
  "fields": {
    "name": "Alto Paraguay",
    "country": "PY"
  }
}
]
