[
{
  "model": "regions.city",
  "pk": 1,
  "fields": {
    "name": "Azotey",
    "state": 1
  }
},
{
  "model": "regions.city",
  "pk": 2,
  "fields": {
    "name": "Bel\u00e9n",
    "state": 1
  }
},
{
  "model": "regions.city",
  "pk": 3,
  "fields": {
    "name": "Concepci\u00f2n",
    "state": 1
  }
},
{
  "model": "regions.city",
  "pk": 4,
  "fields": {
    "name": "Horqueta",
    "state": 1
  }
},
{
  "model": "regions.city",
  "pk": 5,
  "fields": {
    "name": "Loreto",
    "state": 1
  }
},
{
  "model": "regions.city",
  "pk": 6,
  "fields": {
    "name": "Paso Barreto",
    "state": 1
  }
},
{
  "model": "regions.city",
  "pk": 7,
  "fields": {
    "name": "San Alfredo",
    "state": 1
  }
},
{
  "model": "regions.city",
  "pk": 8,
  "fields": {
    "name": "San Carlos del Apa",
    "state": 1
  }
},
{
  "model": "regions.city",
  "pk": 9,
  "fields": {
    "name": "San L\u00e1zaro",
    "state": 1
  }
},
{
  "model": "regions.city",
  "pk": 10,
  "fields": {
    "name": "Sargento Jos\u00e9 F\u00e9lix L\u00f3pez",
    "state": 1
  }
},
{
  "model": "regions.city",
  "pk": 11,
  "fields": {
    "name": "Yby Ya\u00fa",
    "state": 1
  }
},
{
  "model": "regions.city",
  "pk": 12,
  "fields": {
    "name": "25 de Diciembre",
    "state": 2
  }
},
{
  "model": "regions.city",
  "pk": 13,
  "fields": {
    "name": "Antequera",
    "state": 2
  }
},
{
  "model": "regions.city",
  "pk": 14,
  "fields": {
    "name": "Capiibary",
    "state": 2
  }
},
{
  "model": "regions.city",
  "pk": 15,
  "fields": {
    "name": "Chor\u00e9",
    "state": 2
  }
},
{
  "model": "regions.city",
  "pk": 16,
  "fields": {
    "name": "General Elizardo Aquino",
    "state": 2
  }
},
{
  "model": "regions.city",
  "pk": 17,
  "fields": {
    "name": "General Isidoro Resqu\u00edn",
    "state": 2
  }
},
{
  "model": "regions.city",
  "pk": 18,
  "fields": {
    "name": "Guayaib\u00ed",
    "state": 2
  }
},
{
  "model": "regions.city",
  "pk": 19,
  "fields": {
    "name": "Itacurub\u00ed del Rosario",
    "state": 2
  }
},
{
  "model": "regions.city",
  "pk": 20,
  "fields": {
    "name": "Liberaci\u00f3n",
    "state": 2
  }
},
{
  "model": "regions.city",
  "pk": 21,
  "fields": {
    "name": "Lima",
    "state": 2
  }
},
{
  "model": "regions.city",
  "pk": 22,
  "fields": {
    "name": "Nueva Germania",
    "state": 2
  }
},
{
  "model": "regions.city",
  "pk": 23,
  "fields": {
    "name": "San Estanislao",
    "state": 2
  }
},
{
  "model": "regions.city",
  "pk": 24,
  "fields": {
    "name": "San Pablo",
    "state": 2
  }
},
{
  "model": "regions.city",
  "pk": 25,
  "fields": {
    "name": "San Pedro",
    "state": 2
  }
},
{
  "model": "regions.city",
  "pk": 26,
  "fields": {
    "name": "Santa Rosa del Aguaray",
    "state": 2
  }
},
{
  "model": "regions.city",
  "pk": 27,
  "fields": {
    "name": "Tacuat\u00ed",
    "state": 2
  }
},
{
  "model": "regions.city",
  "pk": 28,
  "fields": {
    "name": "Uni\u00f3n",
    "state": 2
  }
},
{
  "model": "regions.city",
  "pk": 29,
  "fields": {
    "name": "Villa del Rosario",
    "state": 2
  }
},
{
  "model": "regions.city",
  "pk": 30,
  "fields": {
    "name": "Yataity del Norte",
    "state": 2
  }
},
{
  "model": "regions.city",
  "pk": 31,
  "fields": {
    "name": "Yrybucu\u00e1",
    "state": 2
  }
},
{
  "model": "regions.city",
  "pk": 32,
  "fields": {
    "name": "Altos",
    "state": 3
  }
},
{
  "model": "regions.city",
  "pk": 33,
  "fields": {
    "name": "Arroyos y Esteros",
    "state": 3
  }
},
{
  "model": "regions.city",
  "pk": 34,
  "fields": {
    "name": "Atyra",
    "state": 3
  }
},
{
  "model": "regions.city",
  "pk": 35,
  "fields": {
    "name": "Caacup\u00e9",
    "state": 3
  }
},
{
  "model": "regions.city",
  "pk": 36,
  "fields": {
    "name": "Caraguatay",
    "state": 3
  }
},
{
  "model": "regions.city",
  "pk": 37,
  "fields": {
    "name": "Emboscada",
    "state": 3
  }
},
{
  "model": "regions.city",
  "pk": 38,
  "fields": {
    "name": "Eusebio Ayala",
    "state": 3
  }
},
{
  "model": "regions.city",
  "pk": 39,
  "fields": {
    "name": "Isla Puc\u00fa",
    "state": 3
  }
},
{
  "model": "regions.city",
  "pk": 40,
  "fields": {
    "name": "Itacurub\u00ed de la Cordillera",
    "state": 3
  }
},
{
  "model": "regions.city",
  "pk": 41,
  "fields": {
    "name": "Juan de Mena",
    "state": 3
  }
},
{
  "model": "regions.city",
  "pk": 42,
  "fields": {
    "name": "Loma Grande",
    "state": 3
  }
},
{
  "model": "regions.city",
  "pk": 43,
  "fields": {
    "name": "Mbocayaty del Yhaguy",
    "state": 3
  }
},
{
  "model": "regions.city",
  "pk": 44,
  "fields": {
    "name": "Nueva Colombia",
    "state": 3
  }
},
{
  "model": "regions.city",
  "pk": 45,
  "fields": {
    "name": "Piribebuy",
    "state": 3
  }
},
{
  "model": "regions.city",
  "pk": 46,
  "fields": {
    "name": "Primero de Marzo",
    "state": 3
  }
},
{
  "model": "regions.city",
  "pk": 47,
  "fields": {
    "name": "San Bernardino",
    "state": 3
  }
},
{
  "model": "regions.city",
  "pk": 48,
  "fields": {
    "name": "San Jos\u00e9 Obrero",
    "state": 3
  }
},
{
  "model": "regions.city",
  "pk": 49,
  "fields": {
    "name": "Santa Elena",
    "state": 3
  }
},
{
  "model": "regions.city",
  "pk": 50,
  "fields": {
    "name": "Tobat\u00ed",
    "state": 3
  }
},
{
  "model": "regions.city",
  "pk": 51,
  "fields": {
    "name": "Valenzuela",
    "state": 3
  }
},
{
  "model": "regions.city",
  "pk": 52,
  "fields": {
    "name": "Borja",
    "state": 4
  }
},
{
  "model": "regions.city",
  "pk": 53,
  "fields": {
    "name": "Coronel Mart\u00ednez",
    "state": 4
  }
},
{
  "model": "regions.city",
  "pk": 54,
  "fields": {
    "name": "Dr. Bottrell",
    "state": 4
  }
},
{
  "model": "regions.city",
  "pk": 55,
  "fields": {
    "name": "Fassardi",
    "state": 4
  }
},
{
  "model": "regions.city",
  "pk": 56,
  "fields": {
    "name": "F\u00e9lix P\u00e9rez Cardozo",
    "state": 4
  }
},
{
  "model": "regions.city",
  "pk": 57,
  "fields": {
    "name": "Garay",
    "state": 4
  }
},
{
  "model": "regions.city",
  "pk": 58,
  "fields": {
    "name": "Independencia",
    "state": 4
  }
},
{
  "model": "regions.city",
  "pk": 59,
  "fields": {
    "name": "Itap\u00e9",
    "state": 4
  }
},
{
  "model": "regions.city",
  "pk": 60,
  "fields": {
    "name": "Iturbe",
    "state": 4
  }
},
{
  "model": "regions.city",
  "pk": 61,
  "fields": {
    "name": "Mbocayaty",
    "state": 4
  }
},
{
  "model": "regions.city",
  "pk": 62,
  "fields": {
    "name": "Natalicio Talavera",
    "state": 4
  }
},
{
  "model": "regions.city",
  "pk": 63,
  "fields": {
    "name": "\u00d1um\u00ed",
    "state": 4
  }
},
{
  "model": "regions.city",
  "pk": 64,
  "fields": {
    "name": "Paso Yobai",
    "state": 4
  }
},
{
  "model": "regions.city",
  "pk": 65,
  "fields": {
    "name": "San Salvador",
    "state": 4
  }
},
{
  "model": "regions.city",
  "pk": 66,
  "fields": {
    "name": "Tebicuary",
    "state": 4
  }
},
{
  "model": "regions.city",
  "pk": 67,
  "fields": {
    "name": "Troche",
    "state": 4
  }
},
{
  "model": "regions.city",
  "pk": 68,
  "fields": {
    "name": "Villarrica",
    "state": 4
  }
},
{
  "model": "regions.city",
  "pk": 69,
  "fields": {
    "name": "Yataity",
    "state": 4
  }
},
{
  "model": "regions.city",
  "pk": 70,
  "fields": {
    "name": "Caaguaz\u00fa",
    "state": 5
  }
},
{
  "model": "regions.city",
  "pk": 71,
  "fields": {
    "name": "Caraya\u00f3",
    "state": 5
  }
},
{
  "model": "regions.city",
  "pk": 72,
  "fields": {
    "name": "Coronel Oviedo",
    "state": 5
  }
},
{
  "model": "regions.city",
  "pk": 73,
  "fields": {
    "name": "Doctor Cecilio B\u00e1ez",
    "state": 5
  }
},
{
  "model": "regions.city",
  "pk": 74,
  "fields": {
    "name": "Doctor J. Eulogio Estigarribia",
    "state": 5
  }
},
{
  "model": "regions.city",
  "pk": 75,
  "fields": {
    "name": "Doctor Juan Manuel Frutos",
    "state": 5
  }
},
{
  "model": "regions.city",
  "pk": 76,
  "fields": {
    "name": "Jos\u00e9 Domingo Ocampos",
    "state": 5
  }
},
{
  "model": "regions.city",
  "pk": 77,
  "fields": {
    "name": "La Pastora",
    "state": 5
  }
},
{
  "model": "regions.city",
  "pk": 78,
  "fields": {
    "name": "Mcal. Francisco S. L\u00f3pez",
    "state": 5
  }
},
{
  "model": "regions.city",
  "pk": 79,
  "fields": {
    "name": "Nueva Londres",
    "state": 5
  }
},
{
  "model": "regions.city",
  "pk": 80,
  "fields": {
    "name": "Nueva Toledo",
    "state": 5
  }
},
{
  "model": "regions.city",
  "pk": 81,
  "fields": {
    "name": "R. I. Tres Corrales",
    "state": 5
  }
},
{
  "model": "regions.city",
  "pk": 82,
  "fields": {
    "name": "Ra\u00fal Arsenio Oviedo",
    "state": 5
  }
},
{
  "model": "regions.city",
  "pk": 83,
  "fields": {
    "name": "Repatriaci\u00f3n",
    "state": 5
  }
},
{
  "model": "regions.city",
  "pk": 84,
  "fields": {
    "name": "San Joaqu\u00edn",
    "state": 5
  }
},
{
  "model": "regions.city",
  "pk": 85,
  "fields": {
    "name": "San Jos\u00e9 de los Arroyos",
    "state": 5
  }
},
{
  "model": "regions.city",
  "pk": 86,
  "fields": {
    "name": "Santa Rosa del Mbutuy",
    "state": 5
  }
},
{
  "model": "regions.city",
  "pk": 87,
  "fields": {
    "name": "Sim\u00f3n Bol\u00edvar",
    "state": 5
  }
},
{
  "model": "regions.city",
  "pk": 88,
  "fields": {
    "name": "Tembiapor\u00e1",
    "state": 5
  }
},
{
  "model": "regions.city",
  "pk": 89,
  "fields": {
    "name": "Tres de Febrero",
    "state": 5
  }
},
{
  "model": "regions.city",
  "pk": 90,
  "fields": {
    "name": "Vaquer\u00eda",
    "state": 5
  }
},
{
  "model": "regions.city",
  "pk": 91,
  "fields": {
    "name": "Yh\u00fa",
    "state": 5
  }
},
{
  "model": "regions.city",
  "pk": 92,
  "fields": {
    "name": "Aba\u00ed",
    "state": 6
  }
},
{
  "model": "regions.city",
  "pk": 93,
  "fields": {
    "name": "Buena Vista",
    "state": 6
  }
},
{
  "model": "regions.city",
  "pk": 94,
  "fields": {
    "name": "Caazap\u00e1",
    "state": 6
  }
},
{
  "model": "regions.city",
  "pk": 95,
  "fields": {
    "name": "Doctor Mois\u00e9s S. Bertoni",
    "state": 6
  }
},
{
  "model": "regions.city",
  "pk": 96,
  "fields": {
    "name": "Fulgencio Yegros",
    "state": 6
  }
},
{
  "model": "regions.city",
  "pk": 97,
  "fields": {
    "name": "General Higinio Mor\u00ednigo",
    "state": 6
  }
},
{
  "model": "regions.city",
  "pk": 98,
  "fields": {
    "name": "Maciel",
    "state": 6
  }
},
{
  "model": "regions.city",
  "pk": 99,
  "fields": {
    "name": "San Juan Nepomuceno",
    "state": 6
  }
},
{
  "model": "regions.city",
  "pk": 100,
  "fields": {
    "name": "Tava\u00ed",
    "state": 6
  }
},
{
  "model": "regions.city",
  "pk": 101,
  "fields": {
    "name": "Tres de Mayo",
    "state": 6
  }
},
{
  "model": "regions.city",
  "pk": 102,
  "fields": {
    "name": "Yuty",
    "state": 6
  }
},
{
  "model": "regions.city",
  "pk": 103,
  "fields": {
    "name": "Alto Ver\u00e1",
    "state": 7
  }
},
{
  "model": "regions.city",
  "pk": 104,
  "fields": {
    "name": "Bella Vista",
    "state": 7
  }
},
{
  "model": "regions.city",
  "pk": 105,
  "fields": {
    "name": "Cambyret\u00e1",
    "state": 7
  }
},
{
  "model": "regions.city",
  "pk": 106,
  "fields": {
    "name": "Capit\u00e1n Meza",
    "state": 7
  }
},
{
  "model": "regions.city",
  "pk": 107,
  "fields": {
    "name": "Capit\u00e1n Miranda",
    "state": 7
  }
},
{
  "model": "regions.city",
  "pk": 108,
  "fields": {
    "name": "Carlos Antonio L\u00f3pez",
    "state": 7
  }
},
{
  "model": "regions.city",
  "pk": 109,
  "fields": {
    "name": "Carmen del Paran\u00e1",
    "state": 7
  }
},
{
  "model": "regions.city",
  "pk": 110,
  "fields": {
    "name": "Coronel Bogado",
    "state": 7
  }
},
{
  "model": "regions.city",
  "pk": 111,
  "fields": {
    "name": "Edelira",
    "state": 7
  }
},
{
  "model": "regions.city",
  "pk": 112,
  "fields": {
    "name": "Encarnaci\u00f3n",
    "state": 7
  }
},
{
  "model": "regions.city",
  "pk": 113,
  "fields": {
    "name": "Fram",
    "state": 7
  }
},
{
  "model": "regions.city",
  "pk": 114,
  "fields": {
    "name": "General Artigas",
    "state": 7
  }
},
{
  "model": "regions.city",
  "pk": 115,
  "fields": {
    "name": "General Delgado",
    "state": 7
  }
},
{
  "model": "regions.city",
  "pk": 116,
  "fields": {
    "name": "Hohenau",
    "state": 7
  }
},
{
  "model": "regions.city",
  "pk": 117,
  "fields": {
    "name": "Itap\u00faa Poty",
    "state": 7
  }
},
{
  "model": "regions.city",
  "pk": 118,
  "fields": {
    "name": "Jes\u00fas",
    "state": 7
  }
},
{
  "model": "regions.city",
  "pk": 119,
  "fields": {
    "name": "Jos\u00e9 Leandro Oviedo",
    "state": 7
  }
},
{
  "model": "regions.city",
  "pk": 120,
  "fields": {
    "name": "La Paz",
    "state": 7
  }
},
{
  "model": "regions.city",
  "pk": 121,
  "fields": {
    "name": "Mayor Ota\u00f1o",
    "state": 7
  }
},
{
  "model": "regions.city",
  "pk": 122,
  "fields": {
    "name": "Natalio",
    "state": 7
  }
},
{
  "model": "regions.city",
  "pk": 123,
  "fields": {
    "name": "Nueva Alborada",
    "state": 7
  }
},
{
  "model": "regions.city",
  "pk": 124,
  "fields": {
    "name": "Obligado",
    "state": 7
  }
},
{
  "model": "regions.city",
  "pk": 125,
  "fields": {
    "name": "Pirap\u00f3",
    "state": 7
  }
},
{
  "model": "regions.city",
  "pk": 126,
  "fields": {
    "name": "San Cosme y Dami\u00e1n",
    "state": 7
  }
},
{
  "model": "regions.city",
  "pk": 127,
  "fields": {
    "name": "San Juan del Paran\u00e1",
    "state": 7
  }
},
{
  "model": "regions.city",
  "pk": 128,
  "fields": {
    "name": "San Pedro del Paran\u00e1",
    "state": 7
  }
},
{
  "model": "regions.city",
  "pk": 129,
  "fields": {
    "name": "San Rafael del Paran\u00e1",
    "state": 7
  }
},
{
  "model": "regions.city",
  "pk": 130,
  "fields": {
    "name": "Tom\u00e1s Romero Pereira",
    "state": 7
  }
},
{
  "model": "regions.city",
  "pk": 131,
  "fields": {
    "name": "Trinidad",
    "state": 7
  }
},
{
  "model": "regions.city",
  "pk": 132,
  "fields": {
    "name": "Yatytay",
    "state": 7
  }
},
{
  "model": "regions.city",
  "pk": 133,
  "fields": {
    "name": "Ayolas",
    "state": 8
  }
},
{
  "model": "regions.city",
  "pk": 134,
  "fields": {
    "name": "San Ignacio",
    "state": 8
  }
},
{
  "model": "regions.city",
  "pk": 135,
  "fields": {
    "name": "San Juan Bautista",
    "state": 8
  }
},
{
  "model": "regions.city",
  "pk": 136,
  "fields": {
    "name": "San Miguel",
    "state": 8
  }
},
{
  "model": "regions.city",
  "pk": 137,
  "fields": {
    "name": "San Patricio",
    "state": 8
  }
},
{
  "model": "regions.city",
  "pk": 138,
  "fields": {
    "name": "Santa Mar\u00eda",
    "state": 8
  }
},
{
  "model": "regions.city",
  "pk": 139,
  "fields": {
    "name": "Santa Rosa",
    "state": 8
  }
},
{
  "model": "regions.city",
  "pk": 140,
  "fields": {
    "name": "Santiago",
    "state": 8
  }
},
{
  "model": "regions.city",
  "pk": 141,
  "fields": {
    "name": "Villa Florida",
    "state": 8
  }
},
{
  "model": "regions.city",
  "pk": 142,
  "fields": {
    "name": "Yabebyry",
    "state": 8
  }
},
{
  "model": "regions.city",
  "pk": 143,
  "fields": {
    "name": "Acahay",
    "state": 9
  }
},
{
  "model": "regions.city",
  "pk": 144,
  "fields": {
    "name": "Caapuc\u00fa",
    "state": 9
  }
},
{
  "model": "regions.city",
  "pk": 145,
  "fields": {
    "name": "Carapegu\u00e1",
    "state": 9
  }
},
{
  "model": "regions.city",
  "pk": 146,
  "fields": {
    "name": "Escobar",
    "state": 9
  }
},
{
  "model": "regions.city",
  "pk": 147,
  "fields": {
    "name": "General Bernardino Caballero",
    "state": 9
  }
},
{
  "model": "regions.city",
  "pk": 148,
  "fields": {
    "name": "La Colmena",
    "state": 9
  }
},
{
  "model": "regions.city",
  "pk": 149,
  "fields": {
    "name": "Mbuyapey",
    "state": 9
  }
},
{
  "model": "regions.city",
  "pk": 150,
  "fields": {
    "name": "Paraguar\u00ed",
    "state": 9
  }
},
{
  "model": "regions.city",
  "pk": 151,
  "fields": {
    "name": "Piray\u00fa",
    "state": 9
  }
},
{
  "model": "regions.city",
  "pk": 152,
  "fields": {
    "name": "Quiindy",
    "state": 9
  }
},
{
  "model": "regions.city",
  "pk": 153,
  "fields": {
    "name": "Quyquyh\u00f3",
    "state": 9
  }
},
{
  "model": "regions.city",
  "pk": 154,
  "fields": {
    "name": "San Roque Gonz\u00e1lez de Santa Cruz",
    "state": 9
  }
},
{
  "model": "regions.city",
  "pk": 155,
  "fields": {
    "name": "Sapucai",
    "state": 9
  }
},
{
  "model": "regions.city",
  "pk": 156,
  "fields": {
    "name": "Tebicuarym\u00ed",
    "state": 9
  }
},
{
  "model": "regions.city",
  "pk": 157,
  "fields": {
    "name": "Yaguar\u00f3n",
    "state": 9
  }
},
{
  "model": "regions.city",
  "pk": 158,
  "fields": {
    "name": "Ybycu\u00ed",
    "state": 9
  }
},
{
  "model": "regions.city",
  "pk": 159,
  "fields": {
    "name": "Ybytym\u00ed",
    "state": 9
  }
},
{
  "model": "regions.city",
  "pk": 160,
  "fields": {
    "name": "Ciudad del Este",
    "state": 10
  }
},
{
  "model": "regions.city",
  "pk": 161,
  "fields": {
    "name": "Doctor Juan Le\u00f3n Mallorqu\u00edn",
    "state": 10
  }
},
{
  "model": "regions.city",
  "pk": 162,
  "fields": {
    "name": "Doctor Ra\u00fal Pe\u00f1a",
    "state": 10
  }
},
{
  "model": "regions.city",
  "pk": 163,
  "fields": {
    "name": "Domingo Mart\u00ednez de Irala",
    "state": 10
  }
},
{
  "model": "regions.city",
  "pk": 164,
  "fields": {
    "name": "Hernandarias",
    "state": 10
  }
},
{
  "model": "regions.city",
  "pk": 165,
  "fields": {
    "name": "Iru\u00f1a",
    "state": 10
  }
},
{
  "model": "regions.city",
  "pk": 166,
  "fields": {
    "name": "Itakyry",
    "state": 10
  }
},
{
  "model": "regions.city",
  "pk": 167,
  "fields": {
    "name": "Juan Emilio O'Leary",
    "state": 10
  }
},
{
  "model": "regions.city",
  "pk": 168,
  "fields": {
    "name": "Los Cedrales",
    "state": 10
  }
},
{
  "model": "regions.city",
  "pk": 169,
  "fields": {
    "name": "Mbaracay\u00fa",
    "state": 10
  }
},
{
  "model": "regions.city",
  "pk": 170,
  "fields": {
    "name": "Minga Guaz\u00fa",
    "state": 10
  }
},
{
  "model": "regions.city",
  "pk": 171,
  "fields": {
    "name": "Minga Por\u00e1",
    "state": 10
  }
},
{
  "model": "regions.city",
  "pk": 172,
  "fields": {
    "name": "\u00d1acunday",
    "state": 10
  }
},
{
  "model": "regions.city",
  "pk": 173,
  "fields": {
    "name": "Naranjal",
    "state": 10
  }
},
{
  "model": "regions.city",
  "pk": 174,
  "fields": {
    "name": "Presidente Franco",
    "state": 10
  }
},
{
  "model": "regions.city",
  "pk": 175,
  "fields": {
    "name": "San Alberto",
    "state": 10
  }
},
{
  "model": "regions.city",
  "pk": 176,
  "fields": {
    "name": "San Crist\u00f3bal",
    "state": 10
  }
},
{
  "model": "regions.city",
  "pk": 177,
  "fields": {
    "name": "Santa Fe del Paran\u00e1",
    "state": 10
  }
},
{
  "model": "regions.city",
  "pk": 178,
  "fields": {
    "name": "Santa Rita",
    "state": 10
  }
},
{
  "model": "regions.city",
  "pk": 179,
  "fields": {
    "name": "Santa Rosa del Monday",
    "state": 10
  }
},
{
  "model": "regions.city",
  "pk": 180,
  "fields": {
    "name": "Tavapy",
    "state": 10
  }
},
{
  "model": "regions.city",
  "pk": 181,
  "fields": {
    "name": "Yguaz\u00fa",
    "state": 10
  }
},
{
  "model": "regions.city",
  "pk": 182,
  "fields": {
    "name": "Aregu\u00e1",
    "state": 11
  }
},
{
  "model": "regions.city",
  "pk": 183,
  "fields": {
    "name": "Capiat\u00e1",
    "state": 11
  }
},
{
  "model": "regions.city",
  "pk": 184,
  "fields": {
    "name": "Fernando de la Mora",
    "state": 11
  }
},
{
  "model": "regions.city",
  "pk": 185,
  "fields": {
    "name": "Guarambar\u00e9",
    "state": 11
  }
},
{
  "model": "regions.city",
  "pk": 186,
  "fields": {
    "name": "It\u00e1",
    "state": 11
  }
},
{
  "model": "regions.city",
  "pk": 187,
  "fields": {
    "name": "Itaugu\u00e1",
    "state": 11
  }
},
{
  "model": "regions.city",
  "pk": 188,
  "fields": {
    "name": "Juli\u00e1n Augusto Sald\u00edvar",
    "state": 11
  }
},
{
  "model": "regions.city",
  "pk": 189,
  "fields": {
    "name": "Lambar\u00e9",
    "state": 11
  }
},
{
  "model": "regions.city",
  "pk": 190,
  "fields": {
    "name": "Limpio",
    "state": 11
  }
},
{
  "model": "regions.city",
  "pk": 191,
  "fields": {
    "name": "Luque",
    "state": 11
  }
},
{
  "model": "regions.city",
  "pk": 192,
  "fields": {
    "name": "Mariano Roque Alonso",
    "state": 11
  }
},
{
  "model": "regions.city",
  "pk": 193,
  "fields": {
    "name": "\u00d1emby",
    "state": 11
  }
},
{
  "model": "regions.city",
  "pk": 194,
  "fields": {
    "name": "Nueva Italia",
    "state": 11
  }
},
{
  "model": "regions.city",
  "pk": 195,
  "fields": {
    "name": "San Antonio",
    "state": 11
  }
},
{
  "model": "regions.city",
  "pk": 196,
  "fields": {
    "name": "San Lorenzo",
    "state": 11
  }
},
{
  "model": "regions.city",
  "pk": 197,
  "fields": {
    "name": "Villa Elisa",
    "state": 11
  }
},
{
  "model": "regions.city",
  "pk": 198,
  "fields": {
    "name": "Villeta",
    "state": 11
  }
},
{
  "model": "regions.city",
  "pk": 199,
  "fields": {
    "name": "Ypacara\u00ed",
    "state": 11
  }
},
{
  "model": "regions.city",
  "pk": 200,
  "fields": {
    "name": "Ypan\u00e9",
    "state": 11
  }
},
{
  "model": "regions.city",
  "pk": 201,
  "fields": {
    "name": "Alberdi",
    "state": 12
  }
},
{
  "model": "regions.city",
  "pk": 202,
  "fields": {
    "name": "Cerrito",
    "state": 12
  }
},
{
  "model": "regions.city",
  "pk": 203,
  "fields": {
    "name": "Desmochados",
    "state": 12
  }
},
{
  "model": "regions.city",
  "pk": 204,
  "fields": {
    "name": "General Jos\u00e9 Eduvigis D\u00edaz",
    "state": 12
  }
},
{
  "model": "regions.city",
  "pk": 205,
  "fields": {
    "name": "Guaz\u00fa Cu\u00e1",
    "state": 12
  }
},
{
  "model": "regions.city",
  "pk": 206,
  "fields": {
    "name": "Humait\u00e1",
    "state": 12
  }
},
{
  "model": "regions.city",
  "pk": 207,
  "fields": {
    "name": "Isla Umb\u00fa",
    "state": 12
  }
},
{
  "model": "regions.city",
  "pk": 208,
  "fields": {
    "name": "Laureles",
    "state": 12
  }
},
{
  "model": "regions.city",
  "pk": 209,
  "fields": {
    "name": "Mayor Jos\u00e9 J. Mart\u00ednez",
    "state": 12
  }
},
{
  "model": "regions.city",
  "pk": 210,
  "fields": {
    "name": "Paso de Patria",
    "state": 12
  }
},
{
  "model": "regions.city",
  "pk": 211,
  "fields": {
    "name": "Pilar",
    "state": 12
  }
},
{
  "model": "regions.city",
  "pk": 212,
  "fields": {
    "name": "San Juan Bautista del \u00d1eembuc\u00fa",
    "state": 12
  }
},
{
  "model": "regions.city",
  "pk": 213,
  "fields": {
    "name": "Tacuaras",
    "state": 12
  }
},
{
  "model": "regions.city",
  "pk": 214,
  "fields": {
    "name": "Villa Franca",
    "state": 12
  }
},
{
  "model": "regions.city",
  "pk": 215,
  "fields": {
    "name": "Villa Oliva",
    "state": 12
  }
},
{
  "model": "regions.city",
  "pk": 216,
  "fields": {
    "name": "Villalb\u00edn",
    "state": 12
  }
},
{
  "model": "regions.city",
  "pk": 217,
  "fields": {
    "name": "Bella Vista",
    "state": 13
  }
},
{
  "model": "regions.city",
  "pk": 218,
  "fields": {
    "name": "Capit\u00e1n Bado",
    "state": 13
  }
},
{
  "model": "regions.city",
  "pk": 219,
  "fields": {
    "name": "Karapa\u00ed",
    "state": 13
  }
},
{
  "model": "regions.city",
  "pk": 220,
  "fields": {
    "name": "Pedro Juan Caballero",
    "state": 13
  }
},
{
  "model": "regions.city",
  "pk": 221,
  "fields": {
    "name": "Zanja Pyt\u00e1",
    "state": 13
  }
},
{
  "model": "regions.city",
  "pk": 222,
  "fields": {
    "name": "Corpus Christi",
    "state": 14
  }
},
{
  "model": "regions.city",
  "pk": 223,
  "fields": {
    "name": "Curuguaty",
    "state": 14
  }
},
{
  "model": "regions.city",
  "pk": 224,
  "fields": {
    "name": "General Francisco Caballero \u00c1lvarez",
    "state": 14
  }
},
{
  "model": "regions.city",
  "pk": 225,
  "fields": {
    "name": "Itanar\u00e1",
    "state": 14
  }
},
{
  "model": "regions.city",
  "pk": 226,
  "fields": {
    "name": "Katuet\u00e9",
    "state": 14
  }
},
{
  "model": "regions.city",
  "pk": 227,
  "fields": {
    "name": "La Paloma",
    "state": 14
  }
},
{
  "model": "regions.city",
  "pk": 228,
  "fields": {
    "name": "Nueva Esperanza",
    "state": 14
  }
},
{
  "model": "regions.city",
  "pk": 229,
  "fields": {
    "name": "Salto del Guair\u00e1",
    "state": 14
  }
},
{
  "model": "regions.city",
  "pk": 230,
  "fields": {
    "name": "Villa Ygatim\u00ed",
    "state": 14
  }
},
{
  "model": "regions.city",
  "pk": 231,
  "fields": {
    "name": "Yasy Ca\u00f1y",
    "state": 14
  }
},
{
  "model": "regions.city",
  "pk": 232,
  "fields": {
    "name": "Yby Pyt\u00e1",
    "state": 14
  }
},
{
  "model": "regions.city",
  "pk": 233,
  "fields": {
    "name": "Ybyraroban\u00e1",
    "state": 14
  }
},
{
  "model": "regions.city",
  "pk": 234,
  "fields": {
    "name": "Ypejh\u00fa",
    "state": 14
  }
},
{
  "model": "regions.city",
  "pk": 235,
  "fields": {
    "name": "Benjam\u00edn Aceval",
    "state": 15
  }
},
{
  "model": "regions.city",
  "pk": 236,
  "fields": {
    "name": "Doctor Jos\u00e9 Falc\u00f3n",
    "state": 15
  }
},
{
  "model": "regions.city",
  "pk": 237,
  "fields": {
    "name": "General Jos\u00e9 Mar\u00eda Bruguez",
    "state": 15
  }
},
{
  "model": "regions.city",
  "pk": 238,
  "fields": {
    "name": "Nanawa",
    "state": 15
  }
},
{
  "model": "regions.city",
  "pk": 239,
  "fields": {
    "name": "Puerto Pinasco",
    "state": 15
  }
},
{
  "model": "regions.city",
  "pk": 240,
  "fields": {
    "name": "Teniente Esteban Mart\u00ednez",
    "state": 15
  }
},
{
  "model": "regions.city",
  "pk": 241,
  "fields": {
    "name": "Teniente Primero Manuel Irala Fern\u00e1ndez",
    "state": 15
  }
},
{
  "model": "regions.city",
  "pk": 242,
  "fields": {
    "name": "Villa Hayes",
    "state": 15
  }
},
{
  "model": "regions.city",
  "pk": 243,
  "fields": {
    "name": "Filadelfia",
    "state": 16
  }
},
{
  "model": "regions.city",
  "pk": 244,
  "fields": {
    "name": "Loma Plata",
    "state": 16
  }
},
{
  "model": "regions.city",
  "pk": 245,
  "fields": {
    "name": "Mariscal Jos\u00e9 F\u00e9lix Estigarribia",
    "state": 16
  }
},
{
  "model": "regions.city",
  "pk": 246,
  "fields": {
    "name": "Bah\u00eda Negra",
    "state": 17
  }
},
{
  "model": "regions.city",
  "pk": 247,
  "fields": {
    "name": "Capit\u00e1n Carmelo Peralta",
    "state": 17
  }
},
{
  "model": "regions.city",
  "pk": 248,
  "fields": {
    "name": "Fuerte Olimpo",
    "state": 17
  }
},
{
  "model": "regions.city",
  "pk": 249,
  "fields": {
    "name": "Puerto Casado",
    "state": 17
  }
},
{
  "model": "regions.city",
  "pk": 250,
  "fields": {
    "name": "Asunci\u00f3n",
    "state": 11
  }
}
]
